teff,teff_err,logg,logg_err,L,L_err,rad,rad_err
35052.186503725694,100.9537884962665,5.477971190741332,0.020051240485550625,85.06371618142276,4.355628242125498,0.28066784226774555,0.007204473139247741
