teff,teff_err,logg,logg_err,L,L_err,rad,rad_err
22993.71874770712,99.37283548731284,3.252181380193459,0.08212198718181019,2062.9739146335173,869.8352881399042,2.8616908476848844,0.5716879262433197
