teff,teff_err,logg,logg_err,L,L_err,rad,rad_err
35039.002514420135,100.37591291463104,5.88,0.0,86.03102096900055,4.4686608315386,0.28060341953351725,0.0073033917610899335
